year,sector,VTFSECimports,cdi1_imports,cdi3_imports,VTFSECexports,cdi1_exports,cdi3_exports,Trade_balance,exp_share,imp_share
1995,Animal and Animal Products,842837.009,0.6970307654132231,330.9812968901903,1313989.573,0.8731578557252095,0.6414335595340376,471152.56400000013,0.01610880538813254,0.013372440274096144
1995,Vegetable Products,2363374.9760000003,0.8527846963685902,17513.74366715726,3499158.008,0.7388379910341943,0.6754124765434143,1135783.0319999997,0.04289779502930463,0.037497274531585516
1995,Foodstuff,897648.113,0.7191377224335906,87.80802850803695,1578061.208,0.5734679118349332,0.5688297186759058,680413.0950000001,0.019346181592746432,0.014242072488593827
1995,Mineral Products,1775269.84,0.8078575786255799,170.59707727553075,8940643.492999999,0.588125913559752,0.198561752449914,7165373.652999999,0.10960748017549946,0.028166406615165875
1995,Chemical Products,4483812.656,0.5976860794523935,1781.882467680448,3403285.462,0.4103968810707547,1.317495316236273,-1080527.1940000006,0.041722449183863294,0.07114010930029818
1995,Plastics/Rubbers,4565725.258,0.7753910864265497,21.16444995543262,2098624.7199999997,0.6070694501287739,2.175579661522333,-2467100.5380000006,0.025728010245941377,0.07243973350550535
1995,Raw hides/skins/leathers/furs,326698.196,0.709858737872241,6.275646098873156,329701.323,0.6817767638834994,0.9908913710971068,3003.1269999999786,0.004041960878190946,0.005183389038467052
1995,Wood and Wood Products,2818483.213,0.8047624087046655,64.50778679929067,1181114.482,0.7669180466426986,2.3862913002534833,-1637368.731,0.01447982824414922,0.04471801549638063
1995,Textiles,3385475.72,0.7819718549232051,14.84411006537362,4771588.606,0.7667136483305738,0.7095070425272955,1386112.8859999995,0.05849710973793597,0.05371391073443317
1995,Footwear/headgear,161584.207,0.4973844642686119,2.624943408505728,334379.874,0.7605031966294891,0.4832354443676834,172795.66700000002,0.004099317396922966,0.0025636927831495923
1995,Stone/glass,660128.795,0.6766455967296998,186.6729733419191,1640301.784,0.691773081961283,0.4024435024329645,980172.989,0.02010921757616003,0.010473594289389538
1995,Metals,5890769.818,0.7018824459148503,86.82643465044374,6081056.629,0.5408841162055623,0.9687082652556565,190286.81099999975,0.07455048335514781,0.09346287208379243
1995,Machinery/Eelectrical,26005474.591,0.5937939033212587,20.46067525454403,28926738.559,0.8233038157286635,0.8990116372075031,2921263.968000002,0.35462625544009585,0.41260249853085457
1995,Transportation,5640809.348,0.6489996873735591,6.947363029502544,13118455.117,0.7200544602373048,0.42999036835443855,7477645.769,0.16082520349855506,0.08949700273981825
1995,Miscellaneous,3209821.769,0.6559242866388412,10.878451300943029,4352548.404,0.808112682805364,0.7374580294271208,1142726.6350000002,0.05335990225735443,0.050926987588469946
1996,Animal and Animal Products,1174114.061,0.7468279163538,240.0036805172832,1019417.937,0.7622671387862463,1.151749462497441,-154696.12399999995,0.01052834399360138,0.015051012053757872
1996,Vegetable Products,4241518.9290000005,0.8456242238426365,3573.6092124375787,3482087.495,0.7530631058749185,1.2180965972539413,-759431.4340000004,0.0359623012628801,0.05437218976174172
1996,Foodstuff,1209143.182,0.7033412326014457,174.97785581158064,2064560.184,0.5298069928482331,0.5856662311763347,855417.0019999999,0.021322363501482082,0.015500051665764993
1996,Mineral Products,2141880.236,0.7801827471965053,450.1925025079321,11464125.815,0.5872756997688823,0.1868332806673755,9322245.579,0.1183991921129457,0.027456842840537073
1996,Chemical Products,5408401.916,0.5904008874956851,1630.1488113665682,3607217.173,0.38911815528947186,1.499328057229783,-1801184.7430000002,0.03725461548060862,0.06933050640748878
1996,Plastics/Rubbers,5684162.352,0.7793575572318774,21.35550199466727,2141891.629,0.6076736291990498,2.6538048307578492,-3542270.7229999998,0.022121027155447462,0.07286548974858816
1996,Raw hides/skins/leathers/furs,473458.027,0.7611100666853284,21.824627661294254,373540.973,0.6979268270427775,1.2674861962197652,-99917.054,0.003857856249834228,0.006069276152996707
1996,Wood and Wood Products,2977610.033,0.8264487076219559,53.398127453000846,1349009.942,0.7515780908097999,2.2072558105728177,-1628600.0909999998,0.013932304116563968,0.03817009436025601
1996,Textiles,4408881.482,0.7859548645395298,17.45057191449984,5976008.572,0.7916319422718691,0.7377635806376485,1567127.0899999999,0.06171901795242451,0.056517616587143375
1996,Footwear/headgear,145548.959,0.5735785828489669,2.0782437180848676,436634.973,0.7394464245634058,0.3333424210158264,291086.01399999997,0.00450947842737522,0.0018657975481999704
1996,Stone/glass,832599.131,0.6437161378870538,12.751883128317214,1990929.643,0.6618558670988549,0.418196159732401,1158330.5119999999,0.020561922041756255,0.010673119395194204
1996,Metals,7252036.36,0.6870451867980505,104.64202436737835,5729685.558,0.605324087842048,1.2656953486521505,-1522350.8020000001,0.05917504326765037,0.09296412528752637
1996,Machinery/Eelectrical,30803211.85,0.6026195835164958,10.56713395057066,33953486.131,0.8014046498934588,0.9072179431341586,3150274.280999996,0.3506647948741573,0.3948675245861035
1996,Transportation,7547572.096,0.7095486300165783,8.290035617153366,17574056.185,0.7386662426339294,0.42947240048328095,10026484.088999998,0.18150132753506565,0.09675260893881976
1996,Miscellaneous,3708838.909,0.6487315324520904,9.305084728365872,5663395.421,0.8573450572307431,0.6548790316225387,1954556.512,0.058490412028207144,0.04754374466588149
1997,Animal and Animal Products,1598348.132,0.7570379658052269,258.94979272890237,1140859.712,0.805274010950385,1.4010032216827024,-457488.4199999999,0.010314366871692819,0.01656130030112485
1997,Vegetable Products,3350334.561,0.8327922791010061,636.3635776652103,3762591.259,0.7284189819587089,0.8904327710287705,412256.69799999986,0.034017106770749546,0.03471452536721724
1997,Foodstuff,1279906.331,0.6956096599092026,41.05144664348417,2341726.309,0.5346466046650987,0.5465652950478936,1061819.978,0.021171248322704467,0.013261762366173865
1997,Mineral Products,3417809.155,0.6222034495701844,731.2947506628834,11586632.847,0.5944205856745095,0.29497863616908654,8168823.692,0.10475326697448024,0.03541366405393888
1997,Chemical Products,6354985.915,0.5957931828792699,81.60321309760678,3683659.619,0.4153613790281712,1.7251827183547386,-2671326.296,0.03330349589977123,0.06584725069627927
1997,Plastics/Rubbers,7104072.389,0.7909857940496879,16.440682479661003,2547979.49,0.6317679469828885,2.7881199267424246,-4556092.899,0.023035956976109582,0.07360891775682221
1997,Raw hides/skins/leathers/furs,616906.857,0.7308928476340711,39.3305331429502,409598.732,0.726649442655667,1.5061249188632742,-207308.12499999994,0.0037031297955310615,0.006392086624968185
1997,Wood and Wood Products,3414995.662,0.81081328516775375,68.64477431641508,1508782.134,0.7247506848990509,2.2634120493900283,-1906213.528,0.013640706474111688,0.03538451201782407
1997,Textiles,5754221.396,0.763067094265764,22.300599206772805,7912359.663,0.8358322635002422,0.7272446705005149,2158138.267,0.07153463263410055,0.05962242306941541
1997,Footwear/headgear,205939.162,0.5399824331040236,2.185855312104032,587886.944,0.7460782210743115,0.3503040237614122,381947.782,0.005315010737704385,0.0021338407055140843
1997,Stone/glass,1138794.419,0.6378030281257722,11.96194535263331,2174576.382,0.6769305653229104,0.5236856375459338,1035781.9630000002,0.019660067191912926,0.011799629865806979
1997,Metals,8370543.926,0.6699138214121482,140.77254084021433,6458363.253,0.6183229856540288,1.2960782164291806,-1912180.6730000004,0.05838923688989156,0.08673147536937376
1997,Machinery/Eelectrical,39260143.69,0.6156522336451594,28.239053991555274,41145832.725,0.7908013539410179,0.9541705949274842,1885689.0350000039,0.3719942158558355,0.40679437507885907
1997,Transportation,9854480.397,0.7049680112668437,8.234733297969518,18432830.851,0.7553600690247978,0.5346156798517675,8578350.454,0.16664886828878725,0.10210729809034182
1997,Miscellaneous,4789546.909,0.6723605494205528,11.81534136016434,6915117.129,0.8297974548018056,0.6926197806417518,2125570.2199999997,0.06251869031661726,0.049626938636340386
1998,Animal and Animal Products,1578587.828,0.7569888699091654,477.06917442548,1085744.315,0.8217194579371613,1.4539222597725507,-492843.51300000004,0.009235883565456631,0.014662042414389056
1998,Vegetable Products,3735295.561,0.8317516822924005,1837.5132555425696,4003284.227,0.7666698357096134,0.933057796847758,267988.66599999974,0.034053935617430385,0.03469370596569757
1998,Foodstuff,1496301.656,0.7139376480017516,94.4541416224036,2646522.022,0.5531617750774909,0.5653841696995333,1150220.366,0.02251263848303811,0.013897762263115957
1998,Mineral Products,2967039.047,0.6822887642817315,160.54027324433451,7659093.783999999,0.5829531064362933,0.38738774203264154,4692054.737,0.06515207809854996,0.0275580817111574
1998,Chemical Products,6961538.535,0.5968278021894037,1078.9379992110305,3858217.605,0.4091828379663982,1.8043405654409688,-3103320.93,0.03281992645752416,0.06465929323608965
1998,Plastics/Rubbers,7726955.308,0.7951892019713833,18.62102174267964,2662083.602,0.6621046279512832,2.9025967862898097,-5064871.706,0.022645013056857122,0.07176854176274863
1998,Raw hides/skins/leathers/furs,733760.863,0.665559189504584,83.57554130519827,446494.098,0.7178968610700072,1.643383118134744,-287266.765,0.003798101859544696,0.0068152260548943735
1998,Wood and Wood Products,3710508.856,0.8043724238872967,57.97334422899742,1630014.496,0.7239084228191494,2.2763655569355135,-2080494.36,0.013865717634508152,0.03446348518635494
1998,Textiles,7022604.87,0.7690341283118325,20.7197595105084,8860539.291,0.8689027772969062,0.7925708175723726,1837934.4209999992,0.07537217380579114,0.06522648194613796
1998,Footwear/headgear,211449.271,0.5095232951712754,2.960030785270629,509518.823,0.7485894466494122,0.41499795778889215,298069.55199999997,0.004334221656630554,0.0019639567244234737
1998,Stone/glass,1437204.212,0.679595803802253,14.462014124929755,2470584.532,0.6963177540430405,0.5817263863611042,1033380.3200000001,0.02101602629728728,0.013348860760684013
1998,Metals,9455357.806,0.6522020255816823,34.6026782684529,6373579.33,0.6803896387977884,1.4835239849442652,-3081778.476,0.05421684992850374,0.08782207409418633
1998,Machinery/Eelectrical,43925762.38,0.6160615467343853,27.153473922028738,46937602.392,0.7950491991748372,0.9358331090956334,3011840.0119999945,0.39927469528975673,0.4079857830374296
1998,Transportation,11367646.841,0.6526212951282325,146.2923011704243,20793099.703,0.8169408024362284,0.5467028487032115,9425452.862000002,0.176876494003875,0.10558355840466913
1998,Miscellaneous,5334920.908,0.6598119671103352,15.52025598646235,7620789.679,0.824572488425762,0.7000483063718469,2285868.7709999997,0.06482624424524627,0.04955114643802193
1999,Animal and Animal Products,1662426.069,0.6924511735483686,295.82835435514306,1168473.322,0.8144769325189325,1.422733440036554,-493952.747,0.00867425048843955,0.013950070652562745
1999,Vegetable Products,3509749.504,0.8353699917275075,946.2568703761716,4021626.061,0.7778824296720541,0.8727190073776478,511876.55700000003,0.029854846633760358,0.029451687787264275
1999,Foodstuff,1687448.801,0.6884121013234461,40.248577786570934,2709939.561,0.6127187398890085,0.6226887216544827,1022490.7600000002,0.020117442236859146,0.014160046233329546
1999,Mineral Products,3240232.679,0.714694691819111,245.60464067732596,10277948.916,0.5874887252097651,0.31526063278596667,7037716.237,0.07629913471380885,0.027190066160345243
1999,Chemical Products,7474501.917,0.5976760763038537,206.33144509164296,4345110.476,0.3921296023762682,1.7202098676857671,-3129391.4410000006,0.03225625776740396,0.06272148384775221
1999,Plastics/Rubbers,8894388.073,0.7807937019971116,12.88771693899365,3013400.917,0.6740299756076337,2.951611258502846,-5880987.156000001,0.022370210670630476,0.07463630674674016
1999,Raw hides/skins/leathers/furs,758579.4689999999,0.6520197386770311,45.00716708934557,461164.642,0.7539480681758601,1.6449211407669022,-297414.82699999993,0.0034234907599538255,0.006365538525571287
1999,Wood and Wood Products,4027662.759,0.7766394536277499,327.72272965247276,1646924.66,0.728815842773809,2.4455658821697406,-2380738.0990000004,0.012226070349621676,0.033797701504129744
1999,Textiles,7789912.81,0.7538338331049096,19.343199517899063,10107895.257,0.8619282713593853,0.7706760519313126,2317982.4469999997,0.0750367284552587,0.06536822064043535
1999,Footwear/headgear,233634.94,0.49514697047302464,3.3744236260204183,501670.261,0.7700730392824506,0.46571415163076607,268035.321,0.003724187300285532,0.0019605226245446093
1999,Stone/glass,1661324.887,0.6995041316157181,102.13244442444784,2629167.234,0.7325583374751748,0.631882546502175,967842.3470000001,0.01951782273015709,0.013940830201520872
1999,Metals,9711416.149,0.6578482889045906,58.85046815959101,6202728.184,0.7153522747126158,1.5656685027808723,-3508687.965,0.04604642396766657,0.08149231051007347
1999,Machinery/Eelectrical,50585692.32,0.6115809649263394,33.291952172400975,54460229.103,0.8028399657637756,0.9288556650088244,3874536.783,0.4042896487261244,0.4244844297330378
1999,Transportation,12244996.884,0.6460552911746537,3.487660289226742,24410018.731,0.8037184814043935,0.501638160090767,12165021.847,0.18120962876394653,0.10275258242007913
1999,Miscellaneous,5687756.707,0.6233223565790448,8.010231058702498,8749672.206,0.8336125325806427,0.6500536903656434,3061915.499,0.06495385643608342,0.047728202412613656
2000,Animal and Animal Products,2184824.992,0.6322137134333795,106.3406740629748,1374231.692,0.814399863734472,1.5898519912754274,-810593.3,0.008248808366328277,0.014128588648311895
2000,Vegetable Products,3909341.239,0.8182839827859317,259187.9870499251,4030978.272,0.7717810624204403,0.9698244384384516,121637.03299999982,0.02419589614191571,0.025280502765190338
2000,Foodstuff,2021798.98,0.7076202485388582,21.22179507912831,2986662.838,0.6351365403745292,0.6769424905537329,964863.858,0.017927405945384174,0.013074349763752869
2000,Mineral Products,9858171.393,0.7589238136863412,386.49501304272206,17957500.266,0.5991963769040831,0.5489723651384297,8099328.873,0.1077896684342534,0.06374975064192823
2000,Chemical Products,8627777.551,0.5962947222196204,290.41839456269304,4764613.513,0.3961263387942881,1.8108032325097425,-3863164.0380000006,0.02859953240574455,0.05579317355557731
2000,Plastics/Rubbers,10499782.836,0.7740064319848805,12.754855234382104,3596665.382,0.690909726109074,2.9193104503264578,-6903117.453999999,0.021588938507703173,0.06789885374327027
2000,Raw hides/skins/leathers/furs,825827.396,0.6407799716551117,53.89954796765231,490742.233,0.7869268503823039,1.6828129728137744,-335085.16299999994,0.0029456740525243396,0.005340370791854513
2000,Wood and Wood Products,4664164.377,0.7695280446174432,1194.503897370079,1820699.384,0.7220421125289448,2.561743260852336,-2843464.9930000002,0.010928725045956763,0.03016171094345616
2000,Textiles,8941454.323,0.7032566799324387,19.129773930716865,11409054.578,0.8667402212454941,0.7837156235751334,2467600.254999999,0.06848270593871758,0.05782162439092839
2000,Footwear/headgear,326802.311,0.4250148134007534,5.816302879514614,480287.914,0.8279229551411901,0.6804300118199519,153485.603,0.002882922134828452,0.002113329643492422
2000,Stone/glass,2060314.501,0.6875946415620512,17.47412447460426,2812151.168,0.7245075705019732,0.7326471366278984,751836.6670000001,0.016879901851352613,0.013323417746212316
2000,Metals,12260296.296,0.654893445616983,308.5583903646416,6939307.902,0.7359637023669473,1.7667894938724973,-5320988.394,0.041653107996104576,0.07928355072231157
2000,Machinery/Eelectrical,64221719.255,0.6189173944802985,47.72081569377618,67762905.949,0.8058431444743736,0.947741516624668,3541186.6939999983,0.40674598670136575,0.4153020296653886
2000,Transportation,17426756.358,0.5859564072449943,5.6877965169081826,29902226.571,0.7805532791163426,0.5827912619356898,12475470.213,0.17948773714549765,0.11269345277451674
2000,Miscellaneous,6809555.6959999995,0.6393690055267183,13.9089480433682,10269574.194,0.8575398305028761,0.6630806270408449,3460018.4980000006,0.061642989332322984,0.044035294203808334
2001,Animal and Animal Products,2761710.584,0.6301315966110234,714.5279493207033,1301612.219,0.8362207183828936,2.121761415332872,-1460098.3649999998,0.008161752769106854,0.018742663637974243
2001,Vegetable Products,4398577.487,0.8225468956646635,165162.70960048176,3695203.052,0.7737427227391389,1.1903479795567131,-703374.4349999996,0.023170751858217688,0.0298514474333517
2001,Foodstuff,2493141.337,0.7059881035313292,84.85014275569011,3120991.043,0.6410771972836291,0.7988300199040334,627849.7060000002,0.01957015838951873,0.016919987833642017
2001,Mineral Products,8744894.725,0.7024569565374684,2269.652770823258,14293662.506,0.5779072105164714,0.611802239022307,5548767.7809999995,0.08962833771540087,0.059348224730622345
2001,Chemical Products,9107290.177,0.5672255949032537,1320.6890813251605,4847096.983,0.3856101253583006,1.878916433680114,-4260193.193999999,0.0303936968673538,0.06180766276881455
2001,Plastics/Rubbers,10060118.679,0.7399441569536378,12.021236515330344,3286341.132,0.6572874871095397,3.0611912381955357,-6773777.546999999,0.02060698527779475,0.06827414199409057
2001,Raw hides/skins/leathers/furs,831490.649,0.5597398236872186,37.74715511016918,378503.845,0.7052455733223058,2.196782569011948,-452986.804,0.0023734064262394125,0.0056430060566867515
2001,Wood and Wood Products,4473617.351,0.725020713998764,505.4230747792425,1634756.391,0.7088596625601158,2.736565139386569,-2838860.96,0.01025073159754916,0.030360714022884868
2001,Textiles,8333151.053,0.6532383927841082,20.694003662327574,10198437.844,0.8778773218113691,0.8171007344916656,1865286.7910000002,0.06394925239544877,0.056553879373049426
2001,Footwear/headgear,381840.231,0.3847707573552959,13.96472522390676,422261.57,0.8579206583968068,0.9042741706284092,40421.33899999998,0.0026477890172871125,0.0025914022470500068
2001,Stone/glass,1895894.656,0.6041046691238452,24.270572396935982,2638993.316,0.7374222785516824,0.7184158612700328,743098.6600000001,0.01654779410496413,0.01286670516320869
2001,Metals,10297709.664,0.6300771299876151,110.91502598852286,6507814.74,0.7621384640855323,1.5823606041987606,-3789894.9240000006,0.04080721907776544,0.06988658029268312
2001,Machinery/Eelectrical,59281917.649,0.5664351221462149,18.366669764354437,66262744.438,0.797238864262199,0.8946492957964978,6980826.7890000045,0.41550020045214886,0.4023234906461494
2001,Transportation,17276010.002,0.5713466316368082,9.877208939393162,29761416.187,0.7817437667770744,0.5804834653515677,12485406.184999999,0.1866188081450308,0.1172456108723682
2001,Miscellaneous,7011520.49,0.61676598574882,17.856669408145684,11127210.391,0.854573375317509,0.6301238355006853,4115689.9010000005,0.0697731159061736,0.04758448292742407
2002,Animal and Animal Products,2464012.213,0.6352529215811383,215.86736173707817,1153946.447,0.8070784507202285,2.135291650150555,-1310065.766,0.007152711041433732,0.017313758418171468
2002,Vegetable Products,4563121.298,0.8506987262834076,20099.072777858742,3637597.656,0.7729138034646503,1.2544326584534176,-925523.6420000005,0.022547567078184057,0.032063469235079245
2002,Foodstuff,2380365.816,0.668695594794422,106.7915350426515,3568141.142,0.6742185770870412,0.6671164960323759,1187775.326,0.022117042441725517,0.016726004225003248
2002,Mineral Products,4849023.574,0.6917173333887422,4679.028117947963,15230904.952,0.6261005778440885,0.3183673976879007,10381881.377999999,0.09440842103584908,0.03407240527514967
2002,Chemical Products,9574781.216,0.5748414726024844,6916.107953615364,4998907.586,0.373398227886933,1.9153747196317945,-4575873.63,0.030985615994958773,0.06727866363894117
2002,Plastics/Rubbers,10223212.399,0.7268451342788678,29.55600579910906,3371473.673,0.702107134134831,3.032268197990464,-6851738.726,0.020898003568072202,0.07183496445353908
2002,Raw hides/skins/leathers/furs,911198.192,0.5341383178054013,26.35519702179036,289787.573,0.6956616708713828,3.144366000815363,-621410.6190000001,0.0017962417393425048,0.006402673365062019
2002,Wood and Wood Products,4548645.449,0.6939226915520762,2537.6893571956107,1591891.89,0.7063055494725928,2.857383392411152,-2956753.5590000004,0.009867305998448827,0.03196175246956907
2002,Textiles,8453783.5,0.5969692522003166,19.07173517089739,10238917.711,0.8820012674981084,0.8256520599748377,1785134.2109999992,0.06346570064338618,0.0594018018524018
2002,Footwear/headgear,416553.64,0.33481027752768555,12.87008121911344,389974.548,0.8754254432163441,1.0681559659119086,-26579.092000000004,0.0024172484456358215,0.0029269778181777086
2002,Stone/glass,2233620.007,0.5642321062381366,17.769574119701637,2893319.117,0.8057122628387917,0.7719922748500612,659699.1099999999,0.017934173330451962,0.015694872369203014
2002,Metals,10642354.173,0.6155963640086446,115.6635783792006,6886814.789,0.7723698756627996,1.5453231281896174,-3755539.3840000005,0.042687766238764996,0.0747801281908423
2002,Machinery/Eelectrical,55877309.579,0.542371652466727,14.532738801753288,65042815.898,0.7871487751167443,0.8590850320291586,9165506.318999998,0.4031664282593576,0.3926304561332889
2002,Transportation,17611151.248999998,0.5486754662314193,3.804947695222041,29540695.351,0.8144159463543649,0.5961657652179753,11929544.102000002,0.18310733427712336,0.12374744596733242
2002,Miscellaneous,7566138.215,0.6082178587310939,37.3332629979619,12494752.205,0.8468463339513819,0.6055452793991604,4928613.99,0.07744843990726545,0.05316462658823887
2003,Animal and Animal Products,2612684.023,0.6562714348158127,296.44669173955896,1338459.321,0.8173597388753178,1.9520085384798929,-1274224.702,0.007945450686284505,0.017904792214271617
2003,Vegetable Products,4731958.128,0.8451592160862788,1754.5677649470726,4390802.293,0.7821301675783563,1.0776978356652236,-341155.83499999996,0.02606497078012909,0.03242823330438136
2003,Foodstuff,2762876.791,0.6516498577462538,292.7238855124474,3743629.846,0.7065851760682381,0.7380208259510709,980753.0549999997,0.022223182925628752,0.01893406719718305
2003,Mineral Products,4696122.426,0.7153211741583179,4868.397210734684,19658646.972,0.6298485625248298,0.23888329815824724,14962524.546,0.1166989594860479,0.03218265029759059
2003,Chemical Products,10989113.675,0.5877902535896257,57202.3440603702,5221132.563,0.3630818507377186,2.1047375339356997,-5767981.112000001,0.030994032209269304,0.07530868457026797
2003,Plastics/Rubbers,10962713.314,0.7155399397603898,16.00355402178578,3793701.618,0.6737592074907365,2.8897141678157148,-7169011.6959999995,0.022520422288050047,0.07512776220310624
2003,Raw hides/skins/leathers/furs,934070.652,0.5679205023920098,14.87891688007356,325902.114,0.6499433909233496,2.866107987259021,-608168.538,0.0019346416695041797,0.006401210705267597
2003,Wood and Wood Products,4730595.676,0.6802099603176662,246.01677684407431,1644471.714,0.7186081623922644,2.8766658834728975,-3086123.9620000003,0.00976202167938487,0.03241889638504969
2003,Textiles,8429189.658,0.6006196463739062,41.828046873705496,9758559.439,0.8904880801537057,0.8637739730633618,1329369.7809999995,0.05792940553009954,0.057765458062502655
2003,Footwear/headgear,453585.791,0.3566312438838378,11.259786785958712,380231.763,0.8843133622039758,1.1929192538288813,-73354.02800000005,0.0022571569227956513,0.0031084353361168133
2003,Stone/glass,2127735.011,0.5726076152525569,8.749055729389779,2965240.63,0.796698972171454,0.7175589695734069,837505.619,0.017602457414267723,0.014581423901096796
2003,Metals,10221955.245,0.5955112661976721,115.56084945919856,6872330.387,0.7228290829380747,1.4874074250470113,-3349624.857999999,0.04079598186739588,0.07005132770519831
2003,Machinery/Eelectrical,57876001,0.5247922536173142,6.7153501819634815,66674405.382,0.798403765669061,0.8680392523699162,8798404.382,0.39579701204831996,0.396625754578657
2003,Transportation,16856295.622,0.5133785006953631,8.362212613306735,28970262.312000003,0.7960949397180053,0.5818482221687659,12113966.690000001,0.17197518591506192,0.11551663651530905
2003,Miscellaneous,7536038.106,0.6005321282440994,30.522085549238295,12718284.082,0.8159406990416702,0.5925357585513947,5182245.976000001,0.07549911857776079,0.051644667024001244
2004,Animal and Animal Products,2972744.554,0.5933700805781212,751.7984112687483,1488404.1179999998,0.8164365467769336,1.99726977240196,-1484340.4360000002,0.007929324208571158,0.01753682016850445
2004,Vegetable Products,5406611.45,0.7687959364869654,10273.680718116411,5151205.826,0.7947654022166452,1.0495817159374363,-255405.62399999984,0.02744253429930016,0.031894692260742125
2004,Foodstuff,3123059.146,0.6570318932234059,127394.40039859206,4240419.376999999,0.6827820014143551,0.7364977065569146,1117360.2309999992,0.022590410503379385,0.018423556287509087
2004,Mineral Products,5190676.547,0.5906711200226048,3623.4351575869487,24971961.51,0.660491676067517,0.20786018530908748,19781284.963,0.1330356295995885,0.03062084868177767
2004,Chemical Products,13057616.972,0.5806266691070686,11005.219197771208,6093437.556,0.3543036810366112,2.1428982987021192,-6964179.415999999,0.03246217968755142,0.07702951818011324
2004,Plastics/Rubbers,12530123.502,0.6905292907889193,37.73675053952321,4311435.913,0.6354646476882084,2.9062529873675524,-8218687.589000001,0.022968744002530368,0.07391772772674138
2004,Raw hides/skins/leathers/furs,1208125.516,0.6022577203350349,18.57929620642221,347374.016,0.6285205676454031,3.477881074443979,-860751.5,0.0018506003585898338,0.007126976277381702
2004,Wood and Wood Products,5134073.972,0.6774843525086456,124.3149955334708,1746664.687,0.7292043564454022,2.9393586589410448,-3387409.285,0.00930518158300706,0.030286938666699636
2004,Textiles,8692203.652,0.5834192779176224,43.3110917225999,9812157.985,0.8398215786265034,0.8858605482390223,1119954.3329999987,0.05227329117668116,0.05127706385267224
2004,Footwear/headgear,494444.531,0.3441007690370575,18.584901995443317,358232.257,0.871351419328766,1.380234530359448,-136212.27400000003,0.001908446552498174,0.0029168280913273266
2004,Stone/glass,2537962.428,0.5437495876157126,27.86096730268534,3645692.534,0.8013714172125529,0.6961537223259431,1107730.1060000001,0.019422062675893064,0.014971952647047697
2004,Metals,13657821.891,0.5580545448170305,357.8884877789842,9669695.457,0.6849567098218892,1.4124355779077769,-3988126.4340000004,0.05151433629445298,0.08057024814784353
2004,Machinery/Eelectrical,67655813.89,0.489061165128314,19.50680758206303,73004541.353,0.7825239256125385,0.9267343186619416,5348727.4629999995,0.38892439901592457,0.3991153023714313
2004,Transportation,18975204.648,0.4947679431405845,20.419821397884828,29259924.686,0.8130813130608925,0.6485049039473114,10284720.038000003,0.155879324941285,0.1119385623378879
2004,Miscellaneous,8877974.622,0.5566083142469004,38.81842433288565,13607676.182,0.7735963689717641,0.6524240071014941,4729701.5600000005,0.07249353510074727,0.052372964302320704
2005,Animal and Animal Products,3540740.671,0.6414465565323496,5111.577580707082,1521883.32,0.8385135741157985,2.3265519928295157,-2018857.351,0.006999695632328663,0.018906198299513444
2005,Vegetable Products,5566843.961,0.8190201549108872,3191.8011303876783,5610465.211,0.7916531853213905,0.9922250208566528,43621.25,0.0258045727400236,0.029724813424246085
2005,Foodstuff,3618952.302,0.6624233851562983,245.6290653667595,5006893.973,0.6975111972518493,0.722793876106711,1387941.671,0.023028528806229905,0.01932381843677042
2005,Mineral Products,10097508.147,0.5603252751019793,17946.17807601121,33990817.203,0.6454162086676,0.29706576593012307,23893309.056,0.15633614718579153,0.053916823935094275
2005,Chemical Products,14207323.94,0.5814296473870355,304.5009980899408,6596860.942,0.39101501451341464,2.153649146906635,-7610462.998,0.030341365935199913,0.0758616653049609
2005,Plastics/Rubbers,14529646.517,0.6731196289860719,56.81076178469198,5439796.231,0.6610025958613567,2.6709909526020996,-9089850.286000002,0.025019603946305567,0.07758274434559313
2005,Raw hides/skins/leathers/furs,1405006.345,0.532312644963259,20.703824612122744,375438.045,0.6238001689097338,3.7423121170365143,-1029568.3,0.0017267762970136975,0.007502195455376969
2005,Wood and Wood Products,5727391.646,0.6845090322720323,545.733498302318,2232300.652,0.7286415401021977,2.5656900833983185,-3495090.994,0.010267163663932412,0.030582076537017503
2005,Textiles,8459158.17,0.5744827352563,67.55099177668905,9558635.269,0.8741793527169595,0.8849755150125083,1099477.0989999995,0.043963644692184424,0.04516866290684898
2005,Footwear/headgear,505901.64,0.3698647864911627,33.17283526552118,366922.82,0.7842929013563208,1.3787685377540706,-138978.82,0.0016876116761406624,0.0027013208858325515
2005,Stone/glass,2454373.651,0.5496421169729093,1570.6364111928492,4317626.854,0.7924175561798622,0.5684543231720413,1863253.2030000002,0.019858338306755832,0.013105414730585562
2005,Metals,15794822.346,0.5540310037180228,152.34524850201134,11218645.327,0.6683387473568811,1.407908164097717,-4576177.019000001,0.051598635495950014,0.0843382984314194
2005,Machinery/Eelectrical,70518031.9,0.468528841797482,10.746316122710915,81115451.095,0.7690672482911559,0.8693538770734491,10597419.194999993,0.3730795004337394,0.37653926640616575
2005,Transportation,21803044.27,0.4697691787493576,2885.6252755180317,34376393.955,0.7637670508741946,0.6342446592432298,12573349.684999999,0.15810955508864039,0.11641990103309952
2005,Miscellaneous,9050612.031,0.5135892043585175,17.633238085504235,15693225.679,0.7742988418309816,0.576720950563474,6642613.648,0.07217886009976396,0.04832679986747556
2006,Animal and Animal Products,3281169.876,0.650777189854039,1798.4492241106543,1695827.294,0.8358468665630059,1.9348490778566272,-1585342.5820000002,0.006650907741410338,0.014980718894369811
2006,Vegetable Products,6364753.137,0.824098105105805,34834.42650995152,6131994.774,0.7644210105309046,1.0379580171833982,-232758.3629999999,0.024049224621504613,0.02905932371099686
2006,Foodstuff,4253461.57,0.6801412035074016,13255.562767708509,6183935.596,0.7116950880472077,0.6878243642691392,1930474.0259999996,0.024252932638445523,0.019419875994306758
2006,Mineral Products,12759531.652,0.4586765998980952,185213.09910712825,41030625.209,0.677569522166848,0.3109758037321161,28271093.556999996,0.16091904158103748,0.05825573320679421
2006,Chemical Products,16759341.375,0.5922661934643628,66026.31595488967,7176898.889,0.41900342033393895,2.3351786940578143,-9582442.486,0.028147260366107398,0.07651752011685731
2006,Plastics/Rubbers,16414376.734,0.6564080552968369,27.264726561433527,5914753.9,0.6523189561604691,2.775158022043825,-10499622.833999999,0.023197222170695284,0.07494252750427786
2006,Raw hides/skins/leathers/furs,1339249.926,0.5178184602340772,26.821195424212657,408977.032,0.6177224971620563,3.2746335887145857,-930272.894,0.0016039773140883436,0.006114565057256295
2006,Wood and Wood Products,6539674.574,0.6752438265889311,973.7030229100604,2341598.656,0.7211758414290674,2.7928247042861303,-4198075.918,0.009183574697475322,0.02985795620346956
2006,Textiles,9374925.157,0.5269749214743664,363.93184527192966,8517602.514,0.864785278296094,1.1006530466279516,-857322.6429999992,0.03340539965304908,0.04280275747380193
2006,Footwear/headgear,582259.527,0.3403102242471441,26.268645487213792,380452.119,0.8087035132094172,1.5304410145761338,-201807.408,0.0014921047399376669,0.0026584013102635617
2006,Stone/glass,3046476.065,0.5063143872589074,19.85464513639274,5911112.75,0.783484155171892,0.5153811462994002,2864636.685,0.023182941852877358,0.013909185830947477
2006,Metals,20840152.531,0.5447138033925258,207.7145564868323,13405954.654,0.6449905036386038,1.5545444594489823,-7434197.877,0.05257715093084505,0.09514913234644744
2006,Machinery/Eelectrical,80253010.197,0.44485686137097086,117.07083012377804,95833922.208,0.7472014432294931,0.8374175693531267,15580912.011000007,0.3758534712573764,0.36640827254390257
2006,Transportation,25605820.542,0.4476406995227762,38.96187177196147,42707885.686,0.7400771932604789,0.599557204265764,17102065.143999998,0.1674971316556043,0.11690757080429261
2006,Miscellaneous,11611993.352,0.4949615634112285,27.69626594146525,17335276.912,0.7519015942251045,0.6698475836842173,5723283.5600000005,0.06798765877954592,0.05301645900201573
2007,Animal and Animal Products,4356886.215,0.6386058826312457,42096.272905833466,1824079.07,0.804119580763943,2.388540215529144,-2532807.1449999996,0.006678994537161298,0.018330761450364916
2007,Vegetable Products,8144505.39,0.8458326408265925,316294.0081081758,7069965.076,0.7464147576108503,1.1519866509168029,-1074540.3139999993,0.025887177204727843,0.03426644123073599
2007,Foodstuff,4712982.32,0.6455836183517293,10705.493169105934,6417090.625,0.6640978928548508,0.7344422255217877,1704108.3049999997,0.023496631222704605,0.01982896737818695
2007,Mineral Products,15942870.88,0.4276836018436082,8973.51203196961,44373665.3,0.6438784308033962,0.35928677002933995,28430794.419999994,0.16247731417285755,0.0670765653528203
2007,Chemical Products,18889010.425,0.5801627597947632,1040.6716558502576,8000751.427,0.4070560298326803,2.3609045471973515,-10888258.998,0.029295317266108678,0.07947188130414166
2007,Plastics/Rubbers,16891030.296,0.6398430353567638,158.09410462718094,6259672.794,0.6076284488163941,2.69838869408483,-10631357.502,0.02292023469988239,0.0710657638799187
2007,Raw hides/skins/leathers/furs,1396150.447,0.482911972798116,14.338690810939635,525592.721,0.6407265474451236,2.656335202556962,-870557.7259999999,0.0019244949246255767,0.005874034695849257
2007,Wood and Wood Products,6901358.9860000005,0.6500247937203993,365.1548895831496,2372132.689,0.6854664395474126,2.9093477856457297,-4529226.297,0.008685731628537757,0.029036141641743177
2007,Textiles,9245776.281,0.5015292252049279,132.1305952289702,7484774.732,0.8414027033358114,1.235277828933329,-1761001.5489999996,0.02740603210085126,0.03889982686418472
2007,Footwear/headgear,630957.071,0.31634438890666505,21.40397134722848,397609.256,0.6881337313575602,1.586877220484022,-233347.815,0.0014558744148896834,0.0026546306199373535
2007,Stone/glass,3160948.028,0.5229970843519375,19.440115398300776,6718576.09,0.6621659797756545,0.47047886124335014,3557628.062,0.024600541577735724,0.013299081362001875
2007,Metals,20917243.447,0.5547016116800666,305.24035534256416,15414186.378,0.5909205986950371,1.3570124905751937,-5503057.069,0.05644013371276065,0.08800528196171076
2007,Machinery/Eelectrical,83367652.838,0.44218040514410234,25.55446614035791,102063835.318,0.7280597060038131,0.8168187348462033,18696182.480000004,0.3737139522853318,0.35075337785708405
2007,Transportation,27906103.484,0.4272356878678152,50.611355634900654,45882233.113,0.7046072964692983,0.6082115361576255,17976129.628999997,0.16800104192549514,0.11740956745972796
2007,Miscellaneous,15218205.954,0.4885240241123229,74.17059997544442,18302672.054,0.7344656533138295,0.8314745469459527,3084466.1000000015,0.06701652832633004,0.06402767694159234
2008,Animal and Animal Products,4570950.249,0.7056673010622206,6102.288600315393,1761330.788,0.8236446080206272,2.595168539687163,-2809619.461,0.005917495871005824,0.01768231383470885
2008,Vegetable Products,11174388.31,0.8565860480328361,252344.2101516848,7963906.895,0.7288020139117565,1.4031289488097411,-3210481.415000001,0.02675612468101438,0.04322712570576522
2008,Foodstuff,5290939.798,0.6547687629950376,125596.53923604453,7121459.082,0.6340168882598904,0.742957270002889,1830519.284,0.023925775328735084,0.020467529264676328
2008,Mineral Products,22709506.688,0.4845369289967384,152.5129277485734,53175242.142000005,0.6858307490833329,0.4270691730440301,30465735.454000004,0.17865143671980138,0.08784970354391523
2008,Chemical Products,21069708.82,0.5631362928595761,7073.293676710257,9138892.048,0.3816250382997745,2.305499256292342,-11930816.772,0.030703690827442665,0.08150629157310985
2008,Plastics/Rubbers,17213135.515,0.6325460196567975,400.5984358747206,6786137.385,0.5717997106863109,2.536514446796747,-10426998.13,0.022799204004952507,0.06658748130592544
2008,Raw hides/skins/leathers/furs,1184629.731,0.4621679806679545,32.00580811723264,525507.647,0.6539008276594624,2.25425783575705,-659122.0839999999,0.0017655339658461055,0.004582634581518657
2008,Wood and Wood Products,7096045.663,0.673387684361829,455.1856078605286,2373528.982,0.6214382993587914,2.9896604241253795,-4722516.681,0.007974281745592046,0.027450420495397216
2008,Textiles,8792570.939,0.4750775280863841,562.4726170472161,6997586.35,0.8195358889708197,1.2565148179986376,-1794984.5889999997,0.023509603428979356,0.034013277390483945
2008,Footwear/headgear,718047.171,0.3464328751697182,27.19985117882463,388088.942,0.7463306442755889,1.8502129107301388,-329958.229,0.001303852023432647,0.0027777015137114107
2008,Stone/glass,2881600.994,0.49478087740365745,73.29490663236358,8173892.109,0.5678225612771044,0.35253719471378453,5292291.115,0.027461606380013263,0.01114721673758409
2008,Metals,23139860.418,0.5309856185620521,1701.2966869429774,16938645.697,0.5328432768863108,1.3660986144894862,-6201214.721000001,0.05690831424473349,0.08951448861031633
2008,Machinery/Eelectrical,87193231.814,0.4124271532153473,12.395983016034515,110333923.526,0.6979205659081327,0.7902667559307185,23140691.711999997,0.3706859275640944,0.3372992496549196
2008,Transportation,28219657.552,0.4382451204079953,8.644754773009893,46942542.258,0.6487835571625546,0.6011531586189449,18722884.706,0.15771160186307456,0.10916523128897342
2008,Miscellaneous,17249805.144,0.4991696813634416,471.6796497937742,19027312.26,0.7262269670967854,0.906581282121661,1777507.1160000004,0.06392555135128229,0.06672933449899447
2009,Animal and Animal Products,3818563.587,0.7243927015684154,312.6488176835652,1790535.826,0.7984906345602295,2.132637354445205,-2028027.761,0.007649893483837975,0.01866996905669089
2009,Vegetable Products,7886029.652,0.8320661592577775,28952.491798492956,7683281.939,0.7305480493878227,1.026388165189001,-202747.71299999952,0.03282608903221471,0.03855688827186913
2009,Foodstuff,5022316.776,0.6566243134814679,946999.3912489676,7139475.851,0.6563309527182186,0.7034573518862092,2117159.075,0.03050272940508228,0.02455543731680683
2009,Mineral Products,13784854.635,0.5387635551286862,155.76464214520752,31217337.461999997,0.7348441301128965,0.44157688501717746,17432482.827,0.1333730958999113,0.06739780643239868
2009,Chemical Products,17829463.009,0.5455938831287722,17845.604179987742,7922096.526000001,0.33024906249333125,2.250599061812037,-9907366.483,0.03384640157017605,0.08717296834042346
2009,Plastics/Rubbers,14516004.346,0.6348811469268228,29.012323702092026,5691105.19,0.5660819140395515,2.550647696954622,-8824899.156,0.024314703943163374,0.07097259107829294
2009,Raw hides/skins/leathers/furs,778747.612,0.512402930254624,28.197058102035935,398328.455,0.5556569119789845,1.9550388686140936,-380419.15699999995,0.001701820319975965,0.003807503394341649
2009,Wood and Wood Products,6059142.984999999,0.6815079707285199,813.2852963041648,1896572.819,0.585867671899146,3.194785311852558,-4162570.1659999993,0.008102926419575768,0.029624755346522834
2009,Textiles,7006114.022,0.48681168496014393,378.1044265960004,5783685.085,0.8226214303033426,1.2113581426088311,-1222428.937,0.024710242711620777,0.034254747634346036
2009,Footwear/headgear,595242.085,0.3523648394289102,27.844722229460864,367691.837,0.7529240170000717,1.6188612993331153,-227550.24799999996,0.0015709282925717427,0.002910296255383574
2009,Stone/glass,2155705.855,0.5247669213142672,17.256804079367576,8566940.472,0.6422587946868811,0.2516307732084356,6411234.616999999,0.03660143580571988,0.010539817051939373
2009,Metals,16340561.602,0.5313335593814125,923.2338112821178,10847021.106,0.5504748912003425,1.5064561451771548,-5493540.495999999,0.046342862774890047,0.07989333489611242
2009,Machinery/Eelectrical,75550792.36400001,0.4365284252983638,23.276935293924968,91334838.91,0.6875795168362232,0.8271848208814014,15784046.545999989,0.3902193851020997,0.3693878400889802
2009,Transportation,18473278.086,0.46094894586398294,4344.459631286691,37146489.488,0.6664619580013645,0.49730885315468926,18673211.402,0.15870483223813867,0.09032075082249139
2009,Miscellaneous,14712905.71,0.48838227299625053,38.94813798018581,16274828.733,0.7281250557648294,0.9040282974018072,1561923.0229999982,0.0695326530010217,0.07193529401340062
2010,Animal and Animal Products,4430004.909,0.7123756910721257,670.1620070036413,2075305.135,0.8101972207341911,2.1346282213097303,-2354699.774,0.006852667744613068,0.016960139874643804
2010,Vegetable Products,9319741.57,0.8201938370059776,2383395.697771834,8533838.982,0.7554848299723358,1.09209250252526,-785902.5879999995,0.02817877821599137,0.03568034886408575
2010,Foodstuff,5797130.541,0.6287039753923079,1037.567636037186,8215516.115,0.6454347311082503,0.7056319359431991,2418385.574,0.027127674546330926,0.022194139028420094
2010,Mineral Products,22488417.943,0.5721209153596069,239.89763163173163,42689772.721999995,0.7088152819113175,0.526787014994125,20201354.778999995,0.1409618391162089,0.08609622826779795
2010,Chemical Products,21497905.218,0.5573817773701317,31130.328239610182,9620020.357,0.33451416267999046,2.2347047532344426,-11877884.860999998,0.03176535444891818,0.08230408024342775
2010,Plastics/Rubbers,18655496.725,0.6302125667594891,16.670285014866117,7356414.057,0.5346325502516518,2.5359497957090045,-11299082.668000001,0.024290915332998517,0.07142200525425182
2010,Raw hides/skins/leathers/furs,1048431.385,0.5326963340504342,17.43016004244566,500577.854,0.4467346461817829,2.0944422063865415,-547853.531,0.001652910531526936,0.004013887863293681
2010,Wood and Wood Products,7240641.998,0.6815161611490125,5812.536148219414,2277916.092,0.6005147941432913,3.1786254214670167,-4962725.9059999995,0.007521690119358499,0.02772057900405825
2010,Textiles,8453975.065,0.4920201730789431,170.9100561061101,6416193.035,0.7996557684680803,1.3175998631718224,-2037782.0299999993,0.021186300902279378,0.03236578797189566
2010,Footwear/headgear,811870.929,0.3748781436359327,27.68212946005207,459752.695,0.7422186397020583,1.7658861771326866,-352118.234,0.0015181056560752114,0.0031082233087423895
2010,Stone/glass,2858890.765,0.5294639839521097,19.380077508623184,12062181.139,0.6011638001743963,0.23701275350247417,9203290.374,0.039829381341026475,0.010945176869267308
2010,Metals,22282639.541,0.515620810240598,2071.8510950486384,14156320.509,0.5176606035528322,1.5740417523630963,-8126319.0320000015,0.04674423982207742,0.08530841187644128
2010,Machinery/Eelectrical,94179324.649,0.4222779589848213,38.226558239252995,113964175.508,0.6813303887212229,0.8263941210401583,19784850.858999997,0.37631026704181225,0.3605626973689046
2010,Transportation,25740511.567,0.4635152437043843,22.445986512065296,55038203.723,0.6386298410247776,0.4676844414572211,29297692.155999996,0.18173641890692135,0.09854677039618756
2010,Miscellaneous,16395982.62,0.4698936284311783,2677.1392134948055,19480121.331,0.730776359013234,0.8416776436555348,3084138.711000001,0.06432345627386148,0.06277152380858203
2011,Animal and Animal Products,5338506.1790000005,0.742848103634758,6575.970026943967,2762849.948,0.7549891476064979,1.93224615142943,-2575656.2310000006,0.007705385347360085,0.016985735503164498
2011,Vegetable Products,12426510.409,0.7880026414097706,294381.8030193646,10117769.75,0.7240147026794319,1.228186716642766,-2308740.659,0.02821771585389519,0.03953791790386808
2011,Foodstuff,6577559.468,0.6721985141549145,406.9612802196452,9621335.726,0.6536503111641201,0.6836430673783974,3043776.2579999994,0.026833197864697247,0.020928080184541713
2011,Mineral Products,32969059.602,0.6647586130592452,159.6308201383102,58648271.569,0.6613823640445772,0.5621488702051812,25679211.966999996,0.16356571688697719,0.10489895626430402
2011,Chemical Products,23564722.76,0.5407555545311786,874.2647239875349,11356458.829,0.3403898633133822,2.0750062246362235,-12208263.931000002,0.031672328612062095,0.07497680710406845
2011,Plastics/Rubbers,21179113.867,0.6064934478908041,25.226506577747145,8844639.115,0.4954045746644821,2.394570721498567,-12334474.751999998,0.024667048128597418,0.06738642127106273
2011,Raw hides/skins/leathers/furs,1271501.858,0.5390914179652203,28.81897047327187,614014.38,0.5094373051433839,2.070801433021813,-657487.478,0.001712440956174717,0.004045587572180316
2011,Wood and Wood Products,7544735.644,0.667071814521039,1050.8776949676055,2509568.679,0.5590980943605984,3.0063873952261737,-5035166.965,0.006999002512372563,0.024005382740661517
2011,Textiles,10175003.412,0.49252783391306393,205.57747629046932,7030522.574,0.776370363861953,1.447261324446748,-3144480.8380000005,0.01960761049118832,0.03237420935839443
2011,Footwear/headgear,982364.687,0.3489257422123968,20.361412962205986,560942.509,0.7030882602644569,1.7512751685574253,-421422.1780000001,0.00156442741043134,0.003125628440156008
2011,Stone/glass,3528879.463,0.5295071434173091,10.103914922984274,16166293.395,0.6054354267226285,0.21828624390124152,12637413.932,0.04508660354035163,0.011227974862491429
2011,Metals,27784966.626,0.510127778208423,219.2148870708353,17366575.219,0.5317341817080897,1.5999105336325437,-10418391.406999998,0.04843410128848205,0.08840452333463317
2011,Machinery/Eelectrical,110405275.262,0.4403992703449558,15.381893991956998,124037108.197,0.6861642480003367,0.8900987524366543,13631832.935000002,0.3459303740769353,0.35128081543321976
2011,Transportation,32802795.795,0.511566992129395,34.64286429519992,67845984.295,0.594953122499296,0.4834891281460478,35043188.5,0.18921746135447942,0.10436994815702481
2011,Miscellaneous,17742500.119,0.4563442394321764,22.90541029860252,21078571.396,0.7400623673610135,0.8417316233474402,3336071.2770000026,0.05878658567599554,0.056452011870228955
2012,Animal and Animal Products,5375196.167,0.7666705314926926,790179.8981982988,2852305.292,0.7612350813741078,1.884509411414015,-2522890.8750000005,0.007555356928753459,0.015912558033521346
2012,Vegetable Products,12514222.56,0.7512867466722252,52544.320131651504,10469442.701,0.7215650098460129,1.1953093318715706,-2044779.859000001,0.027732086278788027,0.03704670239812702
2012,Foodstuff,6890574.6899999995,0.6959072140056046,6237.894530173674,9342127.568,0.6348619092275349,0.7375808818542136,2451552.8780000005,0.024745986500167214,0.020398635925530182
2012,Mineral Products,32085896.263,0.7090887676891409,10809.55019760638,56439095.288,0.583778036913762,0.568504794403075,24353199.025000002,0.14949925270368553,0.09498605641168466
2012,Chemical Products,27031341.588,0.5746463495586942,301408.8949455464,12338437.327,0.3318850673822112,2.1908237543864457,-14692904.261,0.03268279107780015,0.0800227151492142
2012,Plastics/Rubbers,23478293.727,0.5976330315995884,19.193371554241143,9452649.168,0.5292264522806643,2.483779235823216,-14025644.559000002,0.02503874272744729,0.06950438641711207
2012,Raw hides/skins/leathers/furs,1409326.633,0.5421687492376183,11.086879157700151,670921.411,0.5951742894251312,2.10058377910375,-738405.222,0.0017771767788901528,0.004172125284185882
2012,Wood and Wood Products,7680659.412,0.6714919659789823,2128.155552406152,2457312.376,0.5684285037700915,3.125634122472673,-5223347.035999999,0.006509076057950681,0.022737577351967537
2012,Textiles,10166960.872,0.47415360645453986,64.32706788470018,6936217.137,0.763030896482212,1.4657789211595151,-3230743.7349999994,0.01837306698983309,0.03009794431196259
2012,Footwear/headgear,1052128.792,0.39905939596178014,18.470261045326005,697476.889,0.719817524273274,1.5084783576248362,-354651.90299999993,0.0018475185179972512,0.0031146882720715233
2012,Stone/glass,3644674.486,0.5486554767066695,6.558313963432752,16779091.61,0.58448855837594,0.21721524446697985,13134417.124,0.04444546185479031,0.010789577248887329
2012,Metals,29866920.744,0.5155330303993567,921.1147494440188,16609578.005,0.5527925677824518,1.7981745674097878,-13257342.738999998,0.04399644407480481,0.08841707257853135
2012,Machinery/Eelectrical,121426483.325,0.43727442973658714,68.07314356225446,132276085.463,0.6937206581512314,0.9179775988983676,10849602.137999997,0.35038081008169364,0.3594670599331588
2012,Transportation,36832504.117,0.5060658706878806,41.76527406085139,76621291.343,0.6041957571929625,0.48070847503883735,39788787.225999996,0.2029590612414614,0.1090377617992665
2012,Miscellaneous,18340672.933,0.4567466657810884,10.577319805233746,23578887.539,0.7304903217896425,0.7778430132746561,5238214.6060000025,0.06245716818593704,0.05429513888477898
2013,Animal and Animal Products,5422318.62,0.7619445532755816,3582.227310480213,2870774.656,0.7887350713119765,1.8887998083260216,-2551543.964,0.007409958302633376,0.01568186229103453
2013,Vegetable Products,11154774.089,0.7096729759261319,105544.5314465707,11322817.4,0.734616596913855,0.9851588783017908,168043.31100000069,0.029226120074236736,0.03226066991085414
2013,Foodstuff,7036865.498,0.6996366004952239,327962.28646631003,10852583.243,0.6116391257664451,0.6484046554113125,3815717.745000001,0.02801236563044526,0.0203512857568241
2013,Mineral Products,31895269.166,0.7238355246981792,7432.524157964086,54622903.481,0.5577464392827106,0.5839174985836195,22727634.314999998,0.14099101659443433,0.09224415860621112
2013,Chemical Products,27268797.584,0.5755142259465428,10947.493663125297,13082789.47,0.3240330795779253,2.084325949487285,-14186008.113999998,0.033768907723989265,0.07886396180724309
2013,Plastics/Rubbers,24788106.709,0.6110972462224631,46.09104323676896,9862603.442,0.5228791693259486,2.5133431405585656,-14925503.266999999,0.02545705916271974,0.07168956734342681
2013,Raw hides/skins/leathers/furs,1657104.399,0.5678843292007585,8.993015842152412,578598.798,0.5787925905478241,2.863995578158806,-1078505.601,0.0014934620375629342,0.004792503872999174
2013,Wood and Wood Products,8042419.11,0.6707228794958532,122189.1743401858,2828430.163,0.5562675021123895,2.843421490552107,-5213988.947000001,0.007300659954600256,0.023259442649610378
2013,Textiles,10639173.736,0.493135780723299,168.39000890415687,7124482.058,0.7528067102197803,1.493325921714322,-3514691.6779999994,0.018389501547013666,0.03076950454422823
2013,Footwear/headgear,1133769.934,0.40205504782608337,15.526634897966424,793385.47,0.7083892951668732,1.42902785199734,-340384.4639999999,0.0020478630178540854,0.0032789707172728453
2013,Stone/glass,3477417.3929999997,0.526145467569236,8.802480034917801,13112185.869,0.6290061784381862,0.265205010647489,9634768.476000002,0.033844784836246165,0.0100570225593778
2013,Metals,29215582.321,0.515142576513009,103.11212854904856,16901281.649,0.5448092039063158,1.7286015893787914,-12314300.671999998,0.04362508635723189,0.08449424882935133
2013,Machinery/Eelectrical,125742443.276,0.4483892222045794,10.13451369489197,134861361.633,0.7026516427385028,0.9323830172958256,9118918.356999993,0.34810014232510017,0.3636591314127632
2013,Transportation,38498512.569,0.5161513239783715,1658.4797799631374,82857524.48799999,0.6458138911205574,0.4646350806024337,44359011.91899999,0.21386938199147312,0.11134136793251001
2013,Miscellaneous,19797515.462,0.4873743397289071,11.308739926107954,25749440.183,0.7271350182297923,0.7688522671289175,5951924.720999997,0.06646369044445902,0.05725630176629327
2014,Animal and Animal Products,6328365.46,0.7469418960597066,2183.092462138667,3451834.071,0.8032677342520241,1.8333342014225689,-2876531.389,0.008587240384981749,0.017642455074982476
2014,Vegetable Products,10393135.436,0.7586694382098034,25380.64829342527,11975278.281,0.7258185846315433,0.8678825821099931,1582142.8449999988,0.02979129099511053,0.028974373584587265
2014,Foodstuff,6974365.777,0.7114785344254327,2699.935598150796,10814657.569,0.624402195384923,0.6448993629712216,3840291.7920000004,0.026903976934024926,0.019443399038022332
2014,Mineral Products,30297570.953,0.8068859826793516,15993.421115750818,50103311.637,0.5201852733275406,0.6047019640639089,19805740.684,0.12464364516395449,0.08446470700815004
2014,Chemical Products,27192971.225,0.5973507678588534,1018.3467302848125,12077652.002,0.33194427291943696,2.2515114047413336,-15115319.223000001,0.030045969445247442,0.07580958720300483
2014,Plastics/Rubbers,26734650.746,0.6051665330956483,23.611737155637456,10332486.467,0.5615436475431873,2.587436318584631,-16402164.279,0.02570446413172906,0.0745318641461095
2014,Raw hides/skins/leathers/furs,1687055.285,0.5342322676447937,12.932514195276712,644415.821,0.5262395941335477,2.6179606862879923,-1042639.4639999999,0.0016031342900585126,0.004703236129890681
2014,Wood and Wood Products,8085967.634,0.6690493848699388,1766.3299172260736,2978584.998,0.5692061314207063,2.714700987022161,-5107382.636,0.0074099232056993,0.022542364473465058
2014,Textiles,11796654.338,0.514478378066085,214.23053924926953,6998968.539,0.769634360825267,1.6854846928181055,-4797685.799,0.01741156268091008,0.03288715632950537
2014,Footwear/headgear,1221910.563,0.42886618471281135,10.436586262784212,759648.594,0.6995911493697555,1.608520798499628,-462261.96900000004,0.0018898026239429298,0.0034064881918772828
2014,Stone/glass,3599766.199,0.5330593312422331,7.747959127247885,11142647.205,0.687490751548771,0.32306202761087954,7542881.006,0.027719927466461357,0.01003556350335967
2014,Metals,31450597.237,0.523688790478982,134118.48128984112,16841086.757,0.6024225151361658,1.8674921452992077,-14609510.48,0.04189612169996213,0.08767915701808102
2014,Machinery/Eelectrical,133938680.134,0.45118379962136734,235.25230016906005,141393597.965,0.7078335524522731,0.9472754216718824,7454917.831,0.3517494727871354,0.3733992864354176
2014,Transportation,38743786.765,0.48661428595725,77.04681062072638,92670896.671,0.6544779893084304,0.4180793340389065,53927109.906,0.2305404170760565,0.10801138489182849
2014,Miscellaneous,20255475.891,0.47893849391471577,47.90456164636515,29787385.136,0.6956765456564156,0.6800018127982619,9531909.245000001,0.07410305111472558,0.056468976971718404
2015,Animal and Animal Products,6113232.388,0.7405765224363194,3953723.5912213135,3410968.424,0.8061750344356757,1.7922277863924312,-2702263.964,0.00880487386704778,0.017008539861903826
2015,Vegetable Products,10522018.512,0.7638381892479338,83970.92123238363,12928522.092,0.7248832327727718,0.813860891223668,2406503.58,0.03337292878657287,0.02927488437055666
2015,Foodstuff,6813911.459,0.7311445222452669,130848.42972177862,11132688.372,0.6344728552352603,0.6120634325970874,4318776.913,0.02873726893128504,0.018958004098352417
2015,Mineral Products,24228209.273,0.8247655122446511,53789.866204442624,27659332.981,0.4096008773309249,0.8759505982896646,3431123.7080000006,0.07139818018566908,0.06740893148627485
2015,Chemical Products,25453539.258,0.5651865103591687,12089.540097363268,11175623.656,0.3329905271876418,2.2775945255041257,-14277915.602000002,0.028848099555633815,0.07081810564670242
2015,Plastics/Rubbers,26564407.084,0.604930391101477,55.202759203661536,10250172.239,0.6184002372156568,2.5916059227695087,-16314234.844999999,0.026459193537204592,0.0739088174830324
2015,Raw hides/skins/leathers/furs,1796064.297,0.5582971821941458,21.249269115798043,658102.188,0.5245541696918511,2.7291571578850307,-1137962.1090000002,0.0016987863963199693,0.004997099611333599
2015,Wood and Wood Products,8205809.156,0.6676031269980843,1501.4408242964485,3074415.019,0.5954709744414473,2.66906357966891,-5131394.137,0.007936114643215562,0.022830611249617914
2015,Textiles,11556202.692,0.5001773914171109,231.1790779931292,6856005.187,0.769148320385206,1.685559210764932,-4700197.505,0.01769768974658803,0.03215224314471493
2015,Footwear/headgear,1248331.118,0.4246263172784466,19.339069567334285,762781.091,0.7106948209302905,1.636552259526318,-485550.027,0.001968998378046579,0.0034731690591438985
2015,Stone/glass,3801330.638,0.5433335908245241,9.148046976182016,10346464.763,0.7001806087083353,0.36740381618984885,6545134.125,0.026707757411966418,0.010576251577089447
2015,Metals,30749592.353,0.5167728904108708,474.04975088920514,15005257.015,0.6287301188101224,2.049254626046137,-15744335.338,0.03873369053495199,0.0855530485475949
2015,Machinery/Eelectrical,136928015.333,0.43456639566000704,12.28626196226756,144195599.545,0.7165254889692575,0.9495991262220734,7267584.211999983,0.3722180648885002,0.38096794939029704
2015,Transportation,43609136.576,0.5086942211563938,5650.922323828579,98027966.288,0.6830111018516709,0.44486423851617096,54418829.712000005,0.2530436437159619,0.12133151346447783
2015,Miscellaneous,21831551.586,0.4924019044280092,36.36764596341298,31911590.9,0.6739886540709293,0.684126079906596,10080039.314,0.08237470942103618,0.060740831008907925
2016,Animal and Animal Products,5352528.183999999,0.7260720574158489,511.1992471158044,3415856.454,0.7921548350105927,1.566965197771159,-1936671.7299999995,0.009036103402050648,0.015359725510279702
2016,Vegetable Products,10727035.598,0.7599273929907472,4091521.0804981766,14559477.72,0.7054029382544783,0.7367733791209098,3832442.1220000014,0.03851477599525985,0.030782523073264602
2016,Foodstuff,6869912.268,0.7331534337872738,1780.593454977069,11824049.456,0.6398001634693165,0.5810118008694499,4954137.188,0.03127863683799188,0.019714042241124066
2016,Mineral Products,22478769.908000004,0.8719227302849878,14943.601463239082,22818854.864,0.32726588913919913,0.9850963180217894,340084.9559999965,0.06036364081577135,0.06450554275037805
2016,Chemical Products,24099808.697,0.5622364418040142,3808.710933839252,10090442.294,0.3386881086742053,2.3883798147609725,-14009366.403,0.026692655610348767,0.06915730916516956
2016,Plastics/Rubbers,25946241.471,0.59533772616432,17.45724029794918,10276289.616,0.6215709442281835,2.524864755719045,-15669951.855,0.027184285057077918,0.07445587081807244
2016,Raw hides/skins/leathers/furs,1643356.212,0.5460620511717844,12.686503256263764,595696.925,0.5282948650969124,2.7587119272103005,-1047659.287,0.0015758211983060136,0.004715808953119754
2016,Wood and Wood Products,7914065.615999999,0.6654149118397414,25397.62305880287,2956908.761,0.5994920314773063,2.676465949975249,-4957156.8549999995,0.007822030484781452,0.022710366270553884
2016,Textiles,10785350.224,0.48290309850807206,69.16414650634378,6647384.716,0.7605971168615565,1.622495264647475,-4137965.5079999994,0.017584595973477956,0.03094986392936174
2016,Footwear/headgear,1236390.697,0.4241306932120096,16.164258659678538,674450.89,0.7205172593087268,1.8331812076043077,-561939.8069999999,0.0017841522510433595,0.0035479722995482694
2016,Stone/glass,3677472.213,0.5369484488436089,19.53815324352254,9577772.127,0.7622567824418713,0.38395904227384,5900299.914000001,0.025336468457128725,0.01055295027351898
2016,Metals,29305226.574,0.5054889406063899,122.03996799379946,14757949.111,0.6400641833457587,1.9857248695997352,-14547277.463000001,0.039039800402923326,0.08409488389780227
2016,Machinery/Eelectrical,134172646.424,0.4379034029442256,52.31041121350809,142902197.702,0.7109449129892347,0.9389124070981464,8729551.277999997,0.37802497037118077,0.3850245994445849
2016,Transportation,43150345.798,0.4512383783282312,16.48635733813742,93673243.928,0.6854030048721268,0.46064750176866537,50522898.13,0.24779762543819153,0.1238251241931118
2016,Miscellaneous,21118964.547,0.5263169939811504,40.05000235329731,33252595.603,0.684801190246133,0.6351072499463675,12133631.056000002,0.08796443770446648,0.06060341718010998
2017,Animal and Animal Products,5798953.115,0.706347412348192,674.3953182750955,3648441.564,0.7723542845857811,1.5894329162948877,-2150511.5510000004,0.008595200427803661,0.014564756907531555
2017,Vegetable Products,11800389.553,0.7571486271051205,460655.73495541984,15380726.322,0.7025572703578262,0.7672192655896345,3580336.7690000013,0.036234765760602285,0.029638074639549823
2017,Foodstuff,6938801.34,0.7281153627820776,545.453244464809,13599544.488,0.6480938132303072,0.5102230700537563,6660743.148,0.03203855908083623,0.017427620596783218
2017,Mineral Products,30446214.39,0.8248789869345567,58233.75213801124,27870752.634,0.35484420971072317,1.0924073271296646,-2575461.756000001,0.06565946055617485,0.07646926997873117
2017,Chemical Products,26727862.538,0.5740453785385721,129405.31253424968,10683623.025,0.33598947790635686,2.501760168386323,-16044239.512999998,0.025169070021857986,0.0671301893296803
2017,Plastics/Rubbers,27681392.969,0.572355789248309,17.530963954147627,11155916.098,0.5988448818773244,2.481319573025709,-16525476.871000001,0.026281724165247274,0.06952509383330963
2017,Raw hides/skins/leathers/furs,1804106.11,0.6081397127217758,18.419856928382806,655915.246,0.4700993280991864,2.7505171148285825,-1148190.864,0.001545241414485252,0.004531225965523673
2017,Wood and Wood Products,8641791.777,0.6397567659574345,1151.8836029705342,3184134.48,0.6104867246887294,2.714015953559851,-5457657.297,0.0075013601189969316,0.021704882585088837
2017,Textiles,11144710.116,0.47478725035368013,112.63269012035052,6575501.348999999,0.7616854727014452,1.6948837091630868,-4569208.767000001,0.015490929761797976,0.027991258150471838
2017,Footwear/headgear,1264334.214,0.4284986848424708,8.632442357445731,710646.49,0.6977867288620085,1.7791324263066437,-553687.7239999999,0.0016741803062259959,0.003175524980388633
2017,Stone/glass,3885011.798,0.5172102613425472,176.8432362883555,9776126.655,0.7058159190085823,0.3973978585898343,5891114.856999999,0.023031139880775348,0.009757666823412848
2017,Metals,34137329.048,0.4746933829822668,201.50244482976484,16840169.397,0.6386197539481494,2.0271369155040335,-17297159.651,0.039673002476895515,0.08573994119221907
2017,Machinery/Eelectrical,160430492.792,0.413777592730156,116.79249725785454,159005072.233,0.6810564130106339,1.008964623197122,-1425420.5589999855,0.37459294356400824,0.40294016553209766
2017,Transportation,44560712.901,0.4076460605953778,19.191448197685897,110333097.552,0.6768316040522405,0.4038743939006927,65772384.651,0.25992881361655645,0.11191950308247496
2017,Miscellaneous,22887564.499,0.49531291745672873,5.8594786076719565,35054618.394999996,0.6814111450533061,0.6529115291200706,12167053.895999994,0.08258360884773598,0.05748482640273671
2018,Animal and Animal Products,5813101.597,0.7103449697641256,1699.5199366782151,4186050.075,0.7633259104438809,1.3886841993881307,-1627051.5219999999,0.009041526548591907,0.013190735169825859
2018,Vegetable Products,11996584.58,0.7650823359528782,81472.26810787564,15650901.338,0.7224686293544158,0.766510779214523,3654316.7579999994,0.03380466965792797,0.027221917163612337
2018,Foodstuff,7608349.506,0.7349705767189004,1884.8868225369345,14711323.95,0.6188199498870683,0.5171763963501056,7102974.443999999,0.03177525917648297,0.01726440209902999
2018,Mineral Products,42598149.635,0.8290705026591276,3430170.8645478953,34706594.226,0.3657318626924962,1.2273791360112234,-7891555.408999994,0.07496341120706389,0.09666111991744346
2018,Chemical Products,28435716.825,0.5709091224648676,9667.346459479444,11089467.681,0.33209867879583943,2.564209359996601,-17346249.144,0.02395234520636102,0.06452459220673352
2018,Plastics/Rubbers,29946394.107,0.5645749270404304,20.037397863036123,12094623.281,0.6194593570606398,2.476008835599218,-17851770.826,0.026123399274046968,0.06795252884630958
2018,Raw hides/skins/leathers/furs,1752578.967,0.5710257121938148,5.42607435974699,804252.23,0.5519422194752935,2.1791409481077846,-948326.737,0.001737119183723392,0.003976845171574931
2018,Wood and Wood Products,9311103.053,0.6361653442021947,660.229352744429,3321264.9790000003,0.6166976157695916,2.803480936291774,-5989838.073999999,0.0071736613142491,0.021128186470104802
2018,Textiles,11998481.261,0.4672109900087392,57.591647693649634,6942897.489,0.7462830912216507,1.728166270639863,-5055583.772,0.01499609198319148,0.027226220996317677
2018,Footwear/headgear,1354862.907,0.4276469429725102,9.077559209990849,800846.578,0.7438143812218334,1.6917883452578104,-554016.3289999999,0.0017297632533304034,0.0030743721745514507
2018,Stone/glass,4444245.694,0.5124116406747445,14.270705150356523,9839487.093,0.7016867126813388,0.45167452855969714,5395241.399,0.021252489144169377,0.010084610943226378
2018,Metals,37666083.501,0.471655696914978,1043.5807175961374,19497517.861,0.6342419214928093,1.9318399280116447,-18168565.64,0.04211304743454996,0.08546957662027566
2018,Machinery/Eelectrical,176757616.63,0.40283065934653867,17.235951754913756,171068562.717,0.6866056787921965,1.0332559870887057,-5689053.912999988,0.3694941349776412,0.4010875900430159
2018,Transportation,47246358.566,0.4190373431824593,20.837991337350047,119973128.624,0.679620559220946,0.39380783937102903,72726770.058,0.2591321671113855,0.1072085517831591
2018,Miscellaneous,23766173.834,0.48539962973085427,10.524166109572688,38293536.838,0.653424701888048,0.62063146411736,14527363.004,0.08271091452728481,0.05392875039481937
2019,Animal and Animal Products,5885725.405,0.7151869401738172,5932.071110718311,4150013.111,0.7253579388796864,1.4182426049207728,-1735712.2940000002,0.008715678387963272,0.01364961924770288
2019,Vegetable Products,11868285.426,0.7273656663746891,101881.44361622931,17067410.149,0.7224543119758351,0.6953770561783433,5199124.722999999,0.03584423802899747,0.027523808203886328
2019,Foodstuff,7138849.574,0.7058852719393223,402.80438043836847,16148983.159,0.6008111309880327,0.4420618625774864,9010133.585,0.03391539731125422,0.016555746632173355
2019,Mineral Products,40263865.425,0.8244393547240778,85308.86308047886,34752958.665,0.32281537507614527,1.158573743695385,-5510906.759999998,0.07298666357257236,0.09337615921142323
2019,Chemical Products,28032902.177,0.5776566460544184,58961.77627648613,11192648.13,0.34978345236866515,2.504581744320412,-16840254.047,0.023506316438410533,0.06501126280867518
2019,Plastics/Rubbers,28555500.442,0.5469488248390081,19.48230080127625,12027418.747,0.6072444687927715,2.374200237197412,-16528081.695000002,0.025259465652857353,0.06622322341606274
2019,Raw hides/skins/leathers/furs,1662700.938,0.573556619570713,5.984831988675082,688500.023,0.5346978261408679,2.4149613398052128,-974200.915,0.0014459580271367763,0.003855979197945344
2019,Wood and Wood Products,9208171.782,0.6194524125702784,3630.1901176633073,3241280.409,0.6149566089048,2.840905636066491,-5966891.373,0.0068071971953946086,0.021354723529060343
2019,Textiles,11694082.36,0.4513922659904254,55.35073457022376,6914454.478,0.7548132231573726,1.691251623278096,-4779627.881999999,0.014521438811536436,0.02711981288316299
2019,Footwear/headgear,1458631.621,0.4363698580093903,49.60601321164034,734632.567,0.7475406848134741,1.9855253993932995,-723999.054,0.0015428436045959954,0.0033827208847351338
2019,Stone/glass,4176449.318,0.503516814890612,14.145227362531566,10518248.589,0.7098628401703629,0.3970669910167114,6341799.271,0.02208997163488057,0.00968562735692702
2019,Metals,34452955.849,0.4573280890694472,104.99722652014614,18178580.885,0.630798378597814,1.8952500234728853,-16274374.963999998,0.03817787084172823,0.07990004577809011
2019,Machinery/Eelectrical,178018217.688,0.3946086277681676,11.54064097584394,173000035.12399998,0.6865508790193101,1.029006829740833,-5018182.5640000105,0.36332720570220234,0.4128430606925139
2019,Transportation,45520645.397,0.4137246578462012,7.0537254312981315,128554855.1,0.7168345458988676,0.3540951087501945,83034209.703,0.26998535722525335,0.10556718752983495
2019,Miscellaneous,23263718.844,0.517496667469456,5.713622856077908,38984896.898,0.6381384914003112,0.5967367030588061,15721178.054000001,0.08187439756521651,0.0539510226278065
2020,Animal and Animal Products,4914810.305,0.7676471864323283,305.21793637352613,4724432.11,0.7248010783593333,1.040296524654685,-190378.19499999937,0.011067844429138147,0.01338033515103049
2020,Vegetable Products,11668645.418,0.7482902417277165,42549.308651518215,17962115.571,0.7387862516032565,0.6496253390574513,6293470.152999999,0.04207953382105598,0.03176732707110581
2020,Foodstuff,6949284.1110000005,0.7092915981089416,916.3349435450896,16638308.979,0.6886250573644691,0.4176676920575896,9689024.868,0.03897827528386356,0.01891909243583939
2020,Mineral Products,27815929.579000004,0.8812235409491763,2262149.383199324,26815274.791,0.3934165061002914,1.03731659644733,-1000654.7880000025,0.06281967500034155,0.07572753315134968
2020,Chemical Products,26137002.471,0.5525901020641244,84490.04894653082,11069538.793,0.3813598160133739,2.3611645398928593,-15067463.678000001,0.025932414819531322,0.07115673468607903
2020,Plastics/Rubbers,25019522.202,0.5457710349143613,24.879980134407916,11532302.625,0.6257661822203954,2.169516619149595,-13487219.577,0.027016523550645637,0.0681144482912873
2020,Raw hides/skins/leathers/furs,1210654.995,0.5397166375065664,9.216987154986631,554030.969,0.5589516669084007,2.1851756720119373,-656624.0260000001,0.001297918655839603,0.0032959501140643
2020,Wood and Wood Products,8094868.983,0.6279736867283909,698.2720882606213,3251879.404,0.6638354448115947,2.489289416158189,-4842989.579,0.0076181209736529525,0.022037892263315206
2020,Textiles,9995141.121,0.4504850953714017,32.25093989030229,6235132.431,0.7403993335066719,1.6030358988537097,-3760008.6899999995,0.014606935634721594,0.02721129194849497
2020,Footwear/headgear,1087167.4,0.4171135369110377,25.481195188819328,611470.7829999999,0.7608647263872568,1.7779547776038225,-475696.61699999997,0.001432481902932306,0.002959761063916469
2020,Stone/glass,3361084.26,0.5142576134511391,66.82229578091852,11164876.489,0.7105121317769189,0.3010408814921911,7803792.229,0.026155760771593373,0.009150390570293498
2020,Metals,28549270.858,0.46246587776956793,142.01163578999368,16849854.504,0.642702565786335,1.694333375473519,-11699416.353999998,0.039473859283350926,0.07772401958402499
2020,Machinery/Eelectrical,156528809.401,0.3900837558384712,416.7898574589456,160631512.888,0.6967558504841902,0.9744589127423544,4102703.4870000184,0.3763086342797469,0.4261421704203805
2020,Transportation,34179048.769,0.4061948340881332,41.22083988591508,103570136.927,0.7175414559565091,0.33000872435932604,69391088.15799999,0.24263194735855181,0.09305081972490008
2020,Miscellaneous,21804694.259,0.5423937003427939,6.24045442941504,35250220.299,0.6666316683419353,0.6185690209606596,13445526.040000003,0.08258007423503426,0.05936223352391837
2021,Animal and Animal Products,6279345.262,0.6698216166231664,2000.742560516228,4707215.006,0.757431665527553,1.3339830991352852,-1572130.256,0.009942774386976185,0.013792598040698267
2021,Vegetable Products,16951517.283999998,0.7598698447020756,11810.626217165154,18361669.305,0.7648879267986867,0.923201316962178,1410152.0210000016,0.03878427797225645,0.03723405137364482
2021,Foodstuff,8639504.737,0.7359270112301427,179593.59802060292,18479134.94,0.7179852566394891,0.46752755283467823,9839630.203000002,0.03903239374889703,0.0189766944062248
2021,Mineral Products,45348937.219,0.9026790129198656,27463.594903972837,32397482.586000003,0.37434347390864325,1.399767315210989,-12951454.632999994,0.06843130378535928,0.09960905739961015
2021,Chemical Products,35012092.868,0.5540280237711335,25922.429061801817,11880577.815,0.3741976999741783,2.947002529102159,-23131515.053000003,0.025094648247613843,0.07690415215966549
2021,Plastics/Rubbers,33817603.186,0.5241262326175029,28.027018324742382,14112322.141,0.6646159653223762,2.3963174060313563,-19705281.044999994,0.029808630994216313,0.07428045249669456
2021,Raw hides/skins/leathers/furs,1500232.697,0.5319172596857128,10.258520142806024,663587.46,0.574925458405685,2.260791210551206,-836645.237,0.0014016569016704447,0.003295264982872298
2021,Wood and Wood Products,9865582.626,0.6326519995034493,332.91366450230424,3427625.878,0.6646156412200553,2.8782553805891182,-6437956.748,0.0072399732632725125,0.02166977764722797
2021,Textiles,12736120.46,0.4603031005011428,70.63211754759884,7110372.664,0.7945603775094492,1.7912029455900822,-5625747.796000001,0.01501882346894329,0.027974921392798727
2021,Footwear/headgear,1674541.903,0.4433829366427569,36.04346665341138,927082.495,0.82188687692532,1.8062490792688304,-747459.4079999999,0.0019582220217582253,0.0036781356027919183
2021,Stone/glass,4676269.506,0.5036268130272572,16.369871040660932,13485919.257,0.6225843383427776,0.346752002357773,8809649.750999998,0.02848551689319808,0.010271438013855888
2021,Metals,45286370.726,0.4470261807554157,6998.893818817098,21699447.677,0.6605011516276725,2.0869826458302256,-23586923.049000002,0.04583447161419197,0.09947162993659306
2021,Machinery/Eelectrical,164208737.327,0.4022600422986253,16.032679967459327,171726074.576,0.741686969737316,0.9562248350021354,7517337.249000013,0.36272692317938604,0.360684914465198
2021,Transportation,41623213.992,0.3911170769204927,36.78672166790486,114335159.862,0.7039071782353927,0.3640456185327269,72711945.87,0.24150345747064889,0.0914254967357493
2021,Miscellaneous,27649143.699,0.5403083031371849,8.681183038766505,40117065.353,0.6460502027727895,0.6892115227200278,12467921.654,0.08473692605161152,0.06073141534637473
